Workbook

Sheet Assumptions
A1: Meridian Mobility — SaaS Consolidation Model
A2: All current-state figures from the case brief. Blue cells are levers — change them and every sheet recalculates.
A4: Negotiation & scenario levers
A5: Lever | B5: Value | C5: Note
A6: Asana negotiated rate ($/seat/yr) | B6: 1000 | C6: List is $1,200/seat. Base case assumes ~17% off on a 3-yr consolidated deal.
A7: Asana list rate ($/seat/yr) | B7: 1200 | C7: Derived: current Asana cost / purchased seats.
A8: Users migrated off Monday.com + Trello | B8: 350 | C8: Monday.com active 230 + Trello active 120.
A9: Of those, already hold Asana (overlap) | B9: 150 | C9: SOFT ESTIMATE. Needs real licence-to-headcount mapping. See notes.
A10: Jira right-sizing at renewal (%) | B10: 0 | C10: Base case: 0%. Brief gives no Jira active count, so no cut is modelled.

Sheet Current State
A1: Current state — four PM platforms
A2: Vendor | B2: Purchased seats | C2: Active users | D2: Annual cost | E2: List $/seat | F2: $/active user | G2: Idle seats | H2: Utilisation
A3: Jira | B3: 900 | D3: 1050000 | E3: =D3/B3 -> 1166.6667 | F3: =IF(C3="","n/a",D3/C3) -> n/a | G3: =IF(C3="","n/a",B3-C3) -> n/a | H3: =IF(C3="","n/a",C3/B3) -> n/a
A4: Asana | B4: 650 | C4: 510 | D4: 780000 | E4: =D4/B4 -> 1200 | F4: =IF(C4="","n/a",D4/C4) -> 1529.4118 | G4: =IF(C4="","n/a",B4-C4) -> 140 | H4: =IF(C4="","n/a",C4/B4) -> 0.78461538
A5: Monday.com | B5: 350 | C5: 230 | D5: 420000 | E5: =D5/B5 -> 1200 | F5: =IF(C5="","n/a",D5/C5) -> 1826.087 | G5: =IF(C5="","n/a",B5-C5) -> 120 | H5: =IF(C5="","n/a",C5/B5) -> 0.65714286
A6: Trello | B6: 250 | C6: 120 | D6: 120000 | E6: =D6/B6 -> 480 | F6: =IF(C6="","n/a",D6/C6) -> 1000 | G6: =IF(C6="","n/a",B6-C6) -> 130 | H6: =IF(C6="","n/a",C6/B6) -> 0.48
A7: Total | B7: =SUM(B3:B6) -> 2150 | D7: =SUM(D3:D6) -> 2370000
A9: Microsoft Planner is bundled in the existing Microsoft 365 licence — $0 incremental, out of scope.

Sheet End State
A1: End state — standardise on Asana, retire Monday.com + Trello, keep Jira
A3: Asana seat build-up
A4: Retained Asana active users | B4: ='Current State'!C4 -> 510
A5: Migrated from Monday.com + Trello | B5: ='Current State'!C5+'Current State'!C6 -> 350
A6: Less: already hold Asana (overlap) | B6: =-Assumptions!$B$9 -> -150
A7: End-state Asana seats | B7: =B4+B5+B6 -> 710
A9: End-state annual cost
A10: Vendor | B10: Seats | C10: Rate/status | D10: Annual cost
A11: Asana | B11: ='End State'!$B$7 -> 710 | C11: @ Assumptions!$B$6/seat | D11: ='End State'!$B$7*Assumptions!$B$6 -> 710000
A12: Jira | B12: ='Current State'!B3 -> 900 | C12: held flat, less right-sizing | D12: ='Current State'!D3*(1-Assumptions!$B$10) -> 1050000
A13: Monday.com | B13: 0 | C13: retired | D13: 0
A14: Trello | B14: 0 | C14: retired | D14: 0
A15: End-state total | D15: =SUM(D11:D14) -> 1760000

Sheet Savings Bridge
A1: Savings bridge — current to end state (no double counting)
A3: Lever | B3: Impact | C3: Running total
A4: Current spend | B4: ='Current State'!D7 -> 2370000 | C4: =B4 -> 2370000
A5: Remove unused Asana licences | B5: =-('Current State'!B4-'Current State'!C4)*'Current State'!E4 -> -168000 | C5: =C4+B5 -> 2202000
A6: Retire Trello | B6: =-'Current State'!D6 -> -120000 | C6: =C5+B6 -> 2082000
A7: Retire Monday.com | B7: =-'Current State'!D5 -> -420000 | C7: =C6+B7 -> 1662000
A8: Migrate net-new users to Asana | B8: =('Current State'!C5+'Current State'!C6-Assumptions!$B$9)*Assumptions!$B$6 -> 200000 | C8: =C7+B8 -> 1862000
A9: Renegotiate Asana rate (retained seats) | B9: =-('Current State'!E4-Assumptions!$B$6)*'Current State'!C4 -> -102000 | C9: =C8+B9 -> 1760000
A10: End-state spend | C10: =C9 -> 1760000
A12: Total annual saving | C12: ='Current State'!D7-C10 -> 610000
A13: As % of current spend | C13: =C12/'Current State'!D7 -> 0.25738397
A15: Reconciliation check (bridge end = End State total) | C15: =IF(ROUND(C10-'End State'!$D$15,0)=0,"OK","MISMATCH") -> OK

Sheet Scenario Range
A1: Savings range — sensitivity to the Asana rate and Jira right-sizing
A3: Scenario | B3: Asana rate | C3: Jira cut | D3: End-state spend | E3: Annual saving | F3: % saving
A4: Conservative | B4: 1100 | C4: 0 | D4: ='End State'!$B$7*B4+'Current State'!D3*(1-C4) -> 1831000 | E4: ='Current State'!D7-D4 -> 539000 | F4: =E4/'Current State'!D7 -> 0.22742616
A5: Base | B5: 1000 | C5: 0 | D5: ='End State'!$B$7*B5+'Current State'!D3*(1-C5) -> 1760000 | E5: ='Current State'!D7-D5 -> 610000 | F5: =E5/'Current State'!D7 -> 0.25738397
A6: Optimistic | B6: 950 | C6: 0.1 | D6: ='End State'!$B$7*B6+'Current State'!D3*(1-C6) -> 1619500 | E6: ='Current State'!D7-D6 -> 750500 | F6: =E6/'Current State'!D7 -> 0.31666667
A8: Range headline: $540K (conservative) to $750K (optimistic); base case $610K.
